DECLARE @C_AFR varchar(110) 'África',
        @C_AMN varchar(110) 'América do Norte',
        @C_AMS varchar(110) 'América do Sul',
        @C_AMC varchar(110) 'América Central',
        @C_AS varchar(110) 'Asia',
        @C_OC varchar(110) 'Oceania',
        @C_EUR varchar(110) 'Europa',
        @P_BR varchar(110) 'Brasil';


-- (NOME, AREA, POP)
insert into continente values (@C_AFR, 30370000, 1216000000)
insert into continente values (@C_AMN, 24710000, 579000000)
insert into continente values (@C_AMS, 17840000, 422500000)
insert into continente values (@C_AMC, 507966, 46761485)
insert into continente values (@C_AS, 44580000, 4436224000)
insert into continente values (@C_EUR, 10180000, 741400000)
insert into continente values (@C_OC, 8526000, 40117432)

-- POPULATE PAIS

insert into pais values ("Finlândia", 338424, 5482013, "Euro", "Finlandês", "12-06-1917", "Homem-Aranha", "Helsínquia", "República parlamentarista", @C_EU)
insert into pais values ("Índia", 3287260, 1311050527, "Rupia Indiana", "Hindi", "08-15-1947", "Tempestade", "Nova Déli", "República Federal", @C_AS)
insert into pais values ("Paquistão", 796095, 188924874, "Rupia Paquistanesa", "Inglês", "DATA_IMPORTANTE", "Wolverine", "Islamabade", "República parlamentarista", @C_AS)
insert into pais values ("Sri Lanca", 65610, 20966000, "Rupia Cingalesa", "Cingalês", "02-04-1948", "Capitã Marvel", "Colombo, Sri Jaiavardenapura-Cota", "República semipresidencialista", @C_AS)
insert into pais values ("Filipinas", 300000, 100699395, "Peso Filipino", "Filipino", "09-29-1898", "Homem de Ferro", "Manila", "República presidencialista", @C_AS)
insert into pais values ("Indonésia", 1910930, 257563815, "Rupia Indonésia", "Indonésio", "12-27-1949", "Capitão América", "Jacarta", "República presidencialista", @C_AS)
insert into pais values ("Vietnã", 331212, 91703800, "Dongue Vietnamita", "Vietnamita", "DATA_IMPORTANTE", "Gavião Arqueiro", "Hanói", "Estado Unitário", @C_AS)
insert into pais values ("Coreia do Norte", 120538, 25155317, "Won norte-coreano", "Coreano", "11-09-1945", "Viuva Negra", "Pionguiangue", "República popular socialista", @C_AS)
insert into pais values ("Coreia do Sul", 99828, 50617045, "Won sul-coreano", "Coreano", "11-09-1945", "Hulk", "Seul", "República presidencialista", @C_AS)
insert into pais values ("Líbano", 10452, 5850743, "Libra libanesa", "Árabe", "11-22-1943", "Visão", "Beirute", "República parlamentarista", @C_AS)
insert into pais values ("Angola", 1246700, 25021974, "Kwanza angolano", "Português", "01-04-1974", "Thor", "Luanda", "República presidencialista", @C_AFR)
insert into pais values ("Cabo Verde", 4033, 520502, "Escudo cabo-verdiano", "Português", "02-20-1981", "Doutor Estranho", "Praia", "República unitária semipresidencialista", @C_AFR)
insert into pais values ("Guiné-Bissau", 36125, 1844325, "Franco", "Português", "04-25-1974", "Superman", "Bissau", "República semipresidencialista", @C_AFR)
insert into pais values ("Guiné Equatorial", 28051, 845060, "Franco", "Português", "10-12-1968", "Batman", "Malabo", "República semipresidencialista", @C_AFR)
insert into pais values ("Moçambique", 801590, 27977863, "Metical moçambicano", "Português", "09-08-1974", "Aquaman", "Maputo", "República semipresidencialista", @C_AFR)
insert into pais values ("São Tomé e Príncipe", 964, 190344, "Dobra de São Tomé e Príncipe", "Português", "07-12-1975", "Mulher Maravilha", "São Tomé", "República semipresidencialista", @C_AFR)
insert into pais values ("Camboja", 181035, 15577899, "Riel Cambojano", "Khmer", "10-09-1953", "Pantera Negra", "Pnom Pene", "Monarquia Constitucional", @C_AS)
insert into pais values ("Malásia", 330806, 30331007, "Ringuite Malario", "Malaio", "08-31-1957", "Flash", "Cuala Lumpur", "Monarquia Eletiva Constitucional", @C_AS)
insert into pais values ("Singapura", 710, 5535002, "Dolar de Singapura", "Inglês", "08-09-1965", "Lanterna Verde", "Singapura", "Republica Parlamentarista", @C_AS)
insert into pais values ("Ruanda", 26338, 11609666, "Franco Ruandês", "Francês", "07-01-1962", "Ciborgue", "Quigali", "Republica Semi Presidencialista", @C_AFR)
insert into pais values ("Suazilândia", 17364, 1286970, "Lilangeni suazilandês", "Inglês", "11-06-1968", "Caçador de Marte", "Lobamba", "Monarquia Absoluta", @C_AFR)
insert into pais values (@P_BR, 8514880, 207847528, "Real ", "Português", "07-11-1822", "Vampirão do Golpe", "Brasília", "República federativa presidencialista", @C_AMS)

-- POPULATE CIDADE

insert into cidade values ("08-22-1817", "Araraquara", 230770, @P_BR)
insert into cidade values ("04-11-1857", "São Carlos", 246088, @P_BR)
insert into cidade values ("19-07-1856", "Ribeirão Preto", 650916, @P_BR)
insert into cidade values ("08-11-1612", "São Luís (Maranhão)", 1091868, @P_BR)
insert into cidade values ("07-01-1982", "São Luís (Roraima)", 7309, @P_BR)
insert into cidade values ("10-12-1953", "Município de São Luís de Montes Belos", 825999, @P_BR)
insert into cidade values ("11-22-1951", "Município de São Luís do Curu", 12519, @P_BR)
insert into cidade values ("12-14-1995", "São Luis do Piauí", 2561, @P_BR)
insert into cidade values ("16-05-1892", "São Luís do Quitunde", 32412, @P_BR)
insert into cidade values ("12-06-1854", "São Luís Gonzaga do Maranhão", 20156, @P_BR)
insert into cidade values ("08-22-1550", "Helsínquia", 629512, "Finlândia")
insert into cidade values ("08-22-1947", "Nova Déli", 249998, "Índia")
insert into cidade values ("08-14-1967", "Islamabade", 805235, "Paquistão")
insert into cidade values ("08-22-1817", "Sri Jaiavardenapura-Cota", 3287384, "Sri Lanca")
insert into cidade values ("08-22-1571", "Manila", 1660714, "Filipinas")
insert into cidade values ("06-22-1527", "Jacarta", 8522589, "Indonésia")
insert into cidade values ("08-22-1954", "Hanói", 6448837, "Vietnã")
insert into cidade values ("05-27-1953", "Pionguiangue", 3255388, "Coreia do Norte")
insert into cidade values ("18 A.C.", "Seul", 31102014, "Coreia do Sul")
insert into cidade values ("15 A.C.", "Beirute", 1812000, "Líbano")
insert into cidade values ("02-25-1576", "Luanda", 8234098, "Angola")
insert into cidade values ("05-25-1615", "Praia", 131602, "Cabo Verde")
insert into cidade values ("03-15-1692", "Bissau", 384960, "Guiné-Bissau")
insert into cidade values ("03-13-1827", "Malabo", 96000, "Guiné Equatorial")
insert into cidade values ("10-10-1887", "Maputo", 1101170, "Moçambique")
insert into cidade values ("08-22-1817", "São Tomé", 230770, "São Tomé e Príncipe")
insert into cidade values ("12-16-1865", "Pnom Pene", 1501725, "Camboja")
insert into cidade values ("01-01-1972", "Cuala Lumpur", 1627172, "Malásia")
insert into cidade values ("02-29-1901", "Singapura", 5399200, "Singapura")
insert into cidade values ("08-22-1901", "Quigali", 771691, "Ruanda")
insert into cidade values ("08-22-1800", "Lobamba", 5800, "Suazilândia")



-- POPULATE 

insert into quarto values ("Simples")
insert into quarto values ("Suite")
insert into quarto values ("Duplo")

insert into hotel values (231000023, "Hotel Abelha", 5, 1)
insert into hotel values (423516999, "Hotel Bazuca", 3, 2)
insert into hotel values (903570293, "Hotel Coelho", 1, 3)
insert into hotel values (438742500, "Hotel Dadinho", 2, 4)
insert into hotel values (235781239, "Hotel Esmeralda", 4, 5)
insert into hotel values (342897423, "Hotel Formiga", 4, 6)
insert into hotel values (012029390, "Hotel Goiaba", 2, 7)
insert into hotel values (100924093, "Hotel Harry Potter", 3, 8)
insert into hotel values (345689203, "Hotel Isabel", 2, 9)
insert into hotel values (102948573, "Hotel Joaninha", 1, 10)
insert into hotel values (333929843, "Hotel Luminus", 5, 11)
insert into hotel values (340009457, "Hotel Muamba", 3, 12)
insert into hotel values (123000049, "Hotel Nadinha", 3, 13)
insert into hotel values (938422220, "Hotel Opala", 5, 14)
insert into hotel values (123555502, "Hotel Porcada", 1, 15)
insert into hotel values (230088890, "Hotel Queijada", 2, 16)
insert into hotel values (568882902, "Hotel Radio", 3, 17)
insert into hotel values (234950002, "Hotel Suzano", 4, 18)
insert into hotel values (123984773, "Hotel Tatu", 2, 19)
insert into hotel values (123879420, "Hotel Ubuntu", 3, 20)
insert into hotel values (325710003, "Hotel Vertigem", 5, 21)
insert into hotel values (490003298, "Hotel Wakanda", 1, 22)
insert into hotel values (345299934, "Hotel Zebra", 1, 23)
insert into hotel values (430034999, "Hotel Altura", 4, 24)
insert into hotel values (345882390, "Hotel Belo", 5, 25)
insert into hotel values (444398583, "Hotel Coyote", 3, 26)
insert into hotel values (438423984, "Hotel Democratico", 1, 27)
insert into hotel values (434429843, "Hotel Enbolado", 2, 28)
insert into hotel values (435783493, "Hotel Farofa", 4, 30)
insert into hotel values (994834773, "Hotel Guime", 2, 1)
insert into hotel values (342384748, "Hotel Hilton", 4, 2)
insert into hotel values (234532498, "Hotel Ironico", 2, 3)
insert into hotel values (234765283, "Hotel Junto", 1, 4)
insert into hotel values (342874984, "Hotel Lagoa", 3, 5)

-- POPULATE quarto_hotel

insert into hotel_quarto values (50.00, 231000023, 1)
insert into hotel_quarto values (30.00, 423516999, 1)
insert into hotel_quarto values (60.00, 903570293, 1)
insert into hotel_quarto values (25.00, 438742500, 1)
insert into hotel_quarto values (30.00, 235781239, 1)
insert into hotel_quarto values (50.00, 342897423, 1)
insert into hotel_quarto values (50.00, 012029390, 1)
insert into hotel_quarto values (45.00, 100924093, 1)
insert into hotel_quarto values (35.00, 345689203, 1)
insert into hotel_quarto values (30.00, 102948573, 1)
insert into hotel_quarto values (45.00, 333929843, 1)
insert into hotel_quarto values (55.00, 340009457, 1)
insert into hotel_quarto values (60.00, 123000049, 1)
insert into hotel_quarto values (50.00, 938422220, 1)
insert into hotel_quarto values (50.00, 123555502, 1)
insert into hotel_quarto values (35.00, 230088890, 1)
insert into hotel_quarto values (40.00, 568882902, 1)
insert into hotel_quarto values (40.00, 234950002, 1)
insert into hotel_quarto values (35.00, 123984773, 1)
insert into hotel_quarto values (60.00, 123879420, 1)
insert into hotel_quarto values (65.00, 325710003, 1)
insert into hotel_quarto values (55.00, 490003298, 1)
insert into hotel_quarto values (55.00, 345299934, 1)
insert into hotel_quarto values (50.00, 430034999, 1)
insert into hotel_quarto values (50.00, 345882390, 1)
insert into hotel_quarto values (50.00, 444398583, 1)
insert into hotel_quarto values (60.00, 438423984, 1)
insert into hotel_quarto values (65.00, 434429843, 1)
insert into hotel_quarto values (65.00, 435783493, 1)
insert into hotel_quarto values (30.00, 994834773, 1)
insert into hotel_quarto values (30.00, 342384748, 1)
insert into hotel_quarto values (35.00, 234532498, 1)
insert into hotel_quarto values (40.00, 234765283, 1)
insert into hotel_quarto values (45.00, 342874984, 1)

insert into hotel_quarto values (100.00, 231000023, 2)
insert into hotel_quarto values (120.00, 903570293, 2)
insert into hotel_quarto values (50.00, 438742500, 2)
insert into hotel_quarto values (100.00, 342897423, 2)
insert into hotel_quarto values (100.00, 012029390, 2)
insert into hotel_quarto values (70.00, 345689203, 2)
insert into hotel_quarto values (60.00, 102948573, 2)
insert into hotel_quarto values (110.00, 340009457, 2)
insert into hotel_quarto values (120.00, 123000049, 2)
insert into hotel_quarto values (100.00, 123555502, 2)
insert into hotel_quarto values (70.00, 230088890, 2)
insert into hotel_quarto values (80.00, 568882902, 2)
insert into hotel_quarto values (70.00, 123984773, 2)
insert into hotel_quarto values (120.00, 123879420, 2)
insert into hotel_quarto values (110.00, 490003298, 2)
insert into hotel_quarto values (110.00, 345299934, 2)
insert into hotel_quarto values (100.00, 430034999, 2)
insert into hotel_quarto values (100.00, 444398583, 2)
insert into hotel_quarto values (120.00, 438423984, 2)
insert into hotel_quarto values (130.00, 434429843, 2)
insert into hotel_quarto values (60.00, 994834773, 2)
insert into hotel_quarto values (60.00, 342384748, 2)
insert into hotel_quarto values (80.00, 234765283, 2)

insert into hotel_quarto values (150.00, 231000023, 3)
insert into hotel_quarto values (180.00, 903570293, 3)
insert into hotel_quarto values (75.00, 438742500, 3)
insert into hotel_quarto values (90.00, 235781239, 3)
insert into hotel_quarto values (150.00, 012029390, 3)
insert into hotel_quarto values (135.00, 100924093, 3)
insert into hotel_quarto values (90.00, 102948573, 3)
insert into hotel_quarto values (165.00, 340009457, 3)
insert into hotel_quarto values (180.00, 123000049, 3)
insert into hotel_quarto values (150.00, 123555502, 3)
insert into hotel_quarto values (105.00, 230088890, 3)
insert into hotel_quarto values (120.00, 234950002, 3)
insert into hotel_quarto values (180.00, 123879420, 3)
insert into hotel_quarto values (165.00, 490003298, 3)
insert into hotel_quarto values (150.00, 430034999, 3)
insert into hotel_quarto values (150.00, 345882390, 3)
insert into hotel_quarto values (180.00, 438423984, 3)
insert into hotel_quarto values (195.00, 434429843, 3)
insert into hotel_quarto values (195.00, 435783493, 3)
insert into hotel_quarto values (90.00, 342384748, 3)
insert into hotel_quarto values (105.00, 234532498, 3)
insert into hotel_quarto values (135.00, 342874984, 3)